"school_id","school_name","division","district","municipality","barangay","highest_shift","double_shift_grades","triple_shift_grades","grade_records","non_single_shift_grade_records"
"111546","San Antonio Elementary School","Calapan City","Calapan East","CITY OF CALAPAN (Capital)","SAN ANTONIO","Double Shift","Kinder","","7","1"
"111573","Canubing I Elementary School","Calapan City","Calapan West","CITY OF CALAPAN (Capital)","CANUBING I","Double Shift","Kinder","","7","1"
"110041","Biga MS","Occidental Mindoro","Abra De Ilog-Paluan","ABRA DE ILOG","WAWA","Double Shift","Kinder","","7","1"
"110042","Cabacao ES","Occidental Mindoro","Abra De Ilog-Paluan","ABRA DE ILOG","CABACAO","Double Shift","Kinder","","7","1"
"110080","Bulangcog ES","Occidental Mindoro","Calintaan","CALINTAAN","IRIRON","Double Shift","Kinder","","7","1"
"110110","Maliig ES","Occidental Mindoro","Lubang","LUBANG","MALIIG","Double Shift","Kinder","","7","1"
"110169","Mamburao CS","Occidental Mindoro","Mamburao","MAMBURAO (Capital)","POBLACION 2 (BARANGAY 2)","Double Shift","Kinder","","7","1"
"301596","Sablayan National Comprehensive High School","Occidental Mindoro","Sablayan North","SABLAYAN","SANTO NINO","Double Shift","Grade 8; Grade 9; Grade 10; Grade 11; Grade 12","","6","5"
"301599","San Jose NHS","Occidental Mindoro","San Jose East","SAN JOSE","BAGONG SIKAT","Double Shift","Grade 11; Grade 12","","6","2"
"110304","MANGARIN ELEMENTARY SCHOOL","Occidental Mindoro","San Jose West","SAN JOSE","MANGARIN","Double Shift","Kinder","","7","1"
"110363","Policarpio Hernandez MES","Oriental Mindoro","Bansud","BANSUD","PROPER TIGUISAN","Double Shift","Kinder","","7","1"
"110364","Proper Bansud ES","Oriental Mindoro","Bansud","BANSUD","PROPER BANSUD","Double Shift","Kinder","","7","1"
"110446","Malamig ES","Oriental Mindoro","Gloria","GLORIA","MALAMIG","Double Shift","Kinder; Grade 1; Grade 2; Grade 3; Grade 4; Grade 5; Grade 6","","7","7"
"110470","Manaul ES","Oriental Mindoro","Mansalay","MANSALAY","MANAUL","Double Shift","Kinder","","7","1"
"110564","Quinabigan ES","Oriental Mindoro","Pinamalayan East","PINAMALAYAN","QUINABIGAN","Double Shift","Kinder","","7","1"
"110637","P. Olarte ES","Oriental Mindoro","Roxas","ROXAS","BAGUMBAYAN (POB.)","Double Shift","Kinder","","7","1"
"110638","Paclasan ES","Oriental Mindoro","Roxas","ROXAS","PACLASAN (POB.)","Double Shift","Kinder","","7","1"
"110644","San Mariano ES","Oriental Mindoro","Roxas","ROXAS","BAGUMBAYAN (POB.)","Double Shift","Kinder","","7","1"
